{"assets/background.mp4":["assets/background.mp4"],"assets/female.png":["assets/female.png"],"assets/game_over.mp4":["assets/game_over.mp4"],"assets/image1.png":["assets/image1.png"],"assets/image2.png":["assets/image2.png"],"assets/image3.png":["assets/image3.png"],"assets/image4.png":["assets/image4.png"],"assets/image5.png":["assets/image5.png"],"assets/main_image.png":["assets/main_image.png"],"assets/male.png":["assets/male.png"],"assets/questions.txt":["assets/questions.txt"],"assets/start.mp4":["assets/start.mp4"],"assets/success.json":["assets/success.json"],"assets/win.mp4":["assets/win.mp4"],"assets/wrong.json":["assets/wrong.json"],"packages/cupertino_icons/assets/CupertinoIcons.ttf":["packages/cupertino_icons/assets/CupertinoIcons.ttf"]}